"Categorie","Gewonnen gas (Nm3)"
"'71 - '72",56480725.690000005
"'72 - '73",66790343.64
"'73 - '74",80069744.46
"'74 - '75",83710196.9
"'75 - '76",87511778.4
"'76 - '77",84799457.79481381
"'77 - '78",78799414.2572002
"'78 - '79",74140523.33352451
"'79 - '80",64744129.51824041
"'80 - '81",60741524.815000005
"'81 - '82",52693543.176000014
"'82 - '83",49379805.18500001
"'83 - '84",52948983.628
"'84 - '85",48821350.199
"'85 - '86",45142743.243
"'86 - '87",39092293.341639005
"'87 - '88",31318242.024534293
"'88 - '89",28465663.855603043
"'89 - '90",25979826.743645363
"'90 - '91",36699894.56132088
"'91 - '92",41420803.714962594
"'92 - '93",41744649.05262629
"'93 - '94",39463226.32615795
"'94 - '95",32556368.670744266
"'95 - '96",41992444.8014208
"'96 - '97",35430275.39807843
"'97 - '98",30503182.790689353
"'98 - '99",27772680.982086863
"'99 - '00",23083302.50876175
"'00 - '01",22942228.6250486
"'01 - '02",24144461.98089698
"'02 - '03",29962108.0803231
"'03 - '04",30680269.840999994
"'04 - '05",34562340.506
"'05 - '06",36107041.946
"'06 - '07",23273155.80099999
"'07 - '08",40656765.206999995
"'08 - '09",38603558.552
"'09 - '10",48014769.472
"'10 - '11",49650771.254999995
"'11 - '12",47457367.080999985
"'12 - '13",53258033.398
"'13 - '14",44846888.30600001
"'14 - '15",34991967.27
"'15 - '16",26980675.241000004
"'16 - '17",23972106.330999993
"'17 - '18",20100594.048
"'18 - '19",17510273.463999998
"'19 - '20",8646971.964
"'20 - '21",7770334.7360000005
"'21 - '22",4493527.732
"'22 - '23",2434430.821
"'23 - '24",0
"'24 - '25",0